[
  {
  "title":"眼镜 · 依视路旗下企业制造",
  "data":[
    {
      "imgUrl":"https://img.biyao.com/files/temp/d5/d55aefd91f4ee330.jpg",
      "headline":"“钛”空钻星G",
      "price":"429",
      "id":"f01",
      "type":"fenlei"
    },
    {
      "imgUrl":"https://img.biyao.com/files/temp/b1/b1e9589407c079bb.jpg",
      "headline":"旅行者",
      "price":"229",
      "id":"f02",
      "type":"fenlei"
    },
    {
      "imgUrl":"https://img.biyao.com/files/temp/4b/4bd3a7340a41e14d.jpg",
      "headline":"TR休闲系列-逸",
      "price":"169",
      "id":"f03",
      "type":"fenlei"
    },
    {
      "imgUrl":"https://img.biyao.com/files/temp/fd/fd942f5a8b10f9b2.jpg",
      "headline":"钛架半框-开",
      "price":"279",
      "id":"f04",
      "type":"fenlei"
    },
    {
      "imgUrl":"https://img.biyao.com/files/temp/ea/ea0317de076792ed.jpg",
      "headline":"飞行员太阳镜",
      "price":"249",
      "id":"f05",
      "type":"fenlei"
    },
    {
      "imgUrl":"https://img.biyao.com/files/temp/27/27cce30fef7d1c81.jpg",
      "headline":"钛架全框-勒",
      "price":"279",
      "id":"f06",
      "type":"fenlei"
    },
    {
      "imgUrl":"https://img.biyao.com/files/temp/37/37c53b56b6c75c60.jpg",
      "headline":"匠人板材-搏",
      "price":"239",
      "id":"f07",
      "type":"fenlei"
  },
    {
      "imgUrl":"https://img.biyao.com/files/temp/95/957d8f663eee052b.jpg",
      "headline":"钛架无框-普",
      "price":"279",
      "id":"f08",
      "type":"fenlei"
    },
    {
      "imgUrl":"https://img.biyao.com/files/temp/9a/9a0361fdf6458172.jpg",
      "headline":"匠人板材-复古",
      "price":"229",
      "id":"f09",
      "type":"fenlei"
    },
    {
      "imgUrl":"https://img.biyao.com/files/temp/df/df34864aabd54131.jpg",
      "headline":"英伦复古-B",
      "price":"239",
      "id":"f10",
      "type":"fenlei"
    },
    {
      "imgUrl":"https://img.biyao.com/files/temp/eb/eb32bc4f8f461ef3.jpg",
      "headline":"匠人板材-奇",
      "price":"229",
      "id":"f1",
      "type":"fenlei"
    },
    {
      "imgUrl":"https://img.biyao.com/files/temp/f2/f24d895079bc09d4.jpg",
      "headline":"思互系列-D",
      "price":"199",
      "id":"f12",
      "type":"fenlei"
    },
    {
      "imgUrl":"https://img.biyao.com/files/temp/a6/a64f44ae04750e5c.jpg",
      "headline":"思互系列-A",
      "price":"199",
      "id":"f13",
      "type":"fenlei"
    },
    {
      "imgUrl":"https://img.biyao.com/files/temp/e0/e0c2b61fecdb144a.jpg",
      "headline":"匠人板材-探",
      "price":"229",
      "id":"f14",
      "type":"fenlei"
    },
    {
      "imgUrl":"https://img.biyao.com/files/temp/27/27c7163986347c53.jpg",
      "headline":"Rider 骑行眼镜",
      "price":"179",
      "id":"f15",
      "type":"fenlei"
    },
    {
      "imgUrl":"https://img.biyao.com/files/temp/ea/eaebf80bb1c7a2d9.jpg",
      "headline":"经典款太阳镜",
      "price":"249",
      "id":"f16",
      "type":"fenlei"
    },
    {
      "imgUrl":"https://img.biyao.com/files/temp/3d/3d32f90b02d2eb25.jpg",
      "headline":"“钛”空钻星 B",
      "price":"Horizon多角形",
      "id":"f17",
      "type":"fenlei"
    },
    {
      "imgUrl":"https://img.biyao.com/files/temp/7a/7ab4498ab0151e5c.jpg",
      "headline":"儿童太阳镜",
      "price":"189",
      "id":"f18",
      "type":"fenlei"
    },
    {
      "imgUrl":"https://img.biyao.com/files/temp/2c/2c24d2cb2c09758.jpg",
      "headline":"“钛”空钻星 B",
      "price":"429",
      "id":"f19",
      "type":"fenlei"
    },
    {
      "imgUrl":"https://img.biyao.com/files/temp/3e/3e50c5e15cc804df.jpg",
      "headline":"Horizon六边形",
      "price":"259",
      "id":"f20",
      "type":"fenlei"
    },
    {
      "imgUrl":"https://img.biyao.com/files/temp/18/1856142883eb6884.jpg",
      "headline":"Horizon圆角方",
      "price":"259",
      "id":"f21",
      "type":"fenlei"
    }
  ]
  },
  {
    "title":"外套 ·  PRADA制造商出品",
    "arry":[
      {
        "caption":"男装"
      },
      {
        "caption":"女装"
      },
      {
        "caption":"内衣袜子"
      },
      {
        "caption":"配饰"
      }
    ],
    "data":[
      {
        "imgUrl":"https://img.biyao.com/files/temp/9c/9cc4ef3b3160d5f4.jpg",
        "headline":"圆领纯棉男士卫衣",
        "price":"249",
        "id":"f22",
        "type":"fenlei"
      },
      {
        "imgUrl":"https://img.biyao.com/files/temp/a5/a5efb0fb88661825.jpg",
        "headline":"男士棒球领夹克",
        "price":"279",
        "id":"f23",
        "type":"fenlei"
      },
      {
        "imgUrl":"https://img.biyao.com/files/temp/44/446db48ca6ef447.jpg",
        "headline":"修身羊毛针织大衣",
        "price":"569",
        "id":"f24",
        "type":"fenlei"
      },
      {
        "imgUrl":"https://img.biyao.com/files/temp/1d/1d7fe363a7bcbc80.jpg",
        "headline":"纯羊毛双面呢大衣",
        "price":"989",
        "id":"f25",
        "type":"fenlei"
      },
      {
        "imgUrl":"https://img.biyao.com/files/temp/31/3155983db0928186.jpg",
        "headline":"羊毛保 时尚大衣",
        "price":"769",
        "id":"f26",
        "type":"fenlei"
      },
      {
        "imgUrl":"https://img.biyao.com/files/temp/21/21ebd67d5b258370.jpg",
        "headline":"休闲绵羊皮男夹克",
        "price":"1529",
        "id":"f27",
        "type":"fenlei"
      },
      {
        "imgUrl":"https://img.biyao.com/files/temp/5e/5e4b0a96601b7ad3.jpg",
        "headline":"男士绵羊皮大衣",
        "price":"1899",
        "id":"f28",
        "type":"fenlei"
      },
      {
        "imgUrl":"https://img.biyao.com/files/temp/fe/fe04ff63894dd873.jpg",
        "headline":"商务绵羊皮男夹克",
        "price":"1259",
        "id":"f29",
        "type":"fenlei"
      },
      {
        "imgUrl":"https://img.biyao.com/files/temp/d5/d50e1995ef870f4c.jpg",
        "headline":"真皮拼接时尚大衣",
        "price":"899",
        "id":"f30",
        "type":"fenlei"
      },
      {
        "imgUrl":"https://img.biyao.com/files/temp/cb/cbd4126b365e32a8.jpg",
        "headline":"无缝防水防风羽绒",
        "price":"699",
        "id":"f31",
        "type":"fenlei"
      },
      {
        "imgUrl":"https://img.biyao.com/files/temp/87/872efd6b553d5628.jpg",
        "headline":"羊毛桑蚕丝西裤",
        "price":"399",
        "id":"f32",
        "type":"fenlei"
      },
      {
        "imgUrl":"https://img.biyao.com/files/temp/40/40455fe546a054de.jpg",
        "headline":"都市精英商务套装",
        "price":"859",
        "id":"f33",
        "type":"fenlei"
      },
      {
        "imgUrl":"https://img.biyao.com/files/temp/68/687efba1aa76a735.jpg",
        "headline":"羊毛宽松舒适西裤",
        "price":"389",
        "id":"f34",
        "type":"fenlei"
      },
      {
        "imgUrl":"https://img.biyao.com/files/temp/eb/eb1780a22c66b0bf.jpg",
        "headline":"羊绒酒红单西",
        "price":"889",
        "id":"f35",
        "type":"fenlei"
      },
      {
        "imgUrl":"https://img.biyao.com/files/temp/f2/f256c6877e8e876b.jpg",
        "headline":"黑色时尚马甲",
        "price":"399",
        "id":"f36",
        "type":"fenlei"
      },
      {
        "imgUrl":"https://img.biyao.com/files/temp/1d/1d9f04cf31376d16.jpg",
        "headline":"澳洲羊毛条纹单西",
        "price":"599",
        "id":"f37",
        "type":"fenlei"
      },
      {
        "imgUrl":"https://img.biyao.com/files/temp/cd/cd21a1c7bfbcb13f.jpg",
        "headline":"羊毛单褶时尚西裤",
        "price":"389",
        "id":"f38",
        "type":"fenlei"
      },
      {
        "imgUrl":"https://img.biyao.com/files/temp/df/df501613efd7ef68.jpg",
        "headline":"礼服套装",
        "price":"889",
        "id":"f39",
        "type":"fenlei"
      },
      {
        "imgUrl":"https://img.biyao.com/files/temp/c2/c20d62b35bedee7b.jpg",
        "headline":"羊毛休闲西裤",
        "price":"889",
        "id":"f40",
        "type":"fenlei"
      }
    ]
  },
  {
    "title":"婴儿 · 英国乔治王子服装制造商出品",
    "arry":[
      {
        "caption":"母婴"
      },
      {
        "caption":"儿童"
      },
      {
        "caption":"书包"
      },
      {
        "caption":"亲子"
      }
    ],
    "data":[
      {
        "imgUrl":"https://img.biyao.com/files/temp/eb/ebfaf55efa17cbec.jpg",
        "headline":"彩棉棉毛套",
        "price":"89",
        "id":"f41",
        "type":"fenlei"
      },
      {
        "imgUrl":"https://img.biyao.com/files/temp/29/298527ac338ea8fc.jpg",
        "headline":"纯棉护肚针织裤",
        "price":"129",
        "id":"f42",
        "type":"fenlei"
      },
      {
        "imgUrl":"https://img.biyao.com/files/temp/6a/6ab45629700b4913.jpg",
        "headline":"母婴多功能枕",
        "price":"179",
        "id":"f43",
        "type":"fenlei"
      },
      {
        "imgUrl":"https://img.biyao.com/files/temp/36/361fb1ba016657ff.jpg",
        "headline":"彩棉婴儿长爬",
        "price":"79",
        "id":"f44",
        "type":"fenlei"
      },
      {
        "imgUrl":"https://img.biyao.com/files/temp/97/97d0f72cb6031813.jpg",
        "headline":"婴儿彩棉礼盒",
        "price":"239",
        "id":"f45",
        "type":"fenlei"
      },
      {
        "imgUrl":"https://img.biyao.com/files/temp/1a/1a47511d3bbc3ad0.jpg",
        "headline":"彩棉帽子2只装",
        "price":"39",
        "id":"f46",
        "type":"fenlei"
      },
      {
        "imgUrl":"https://img.biyao.com/files/temp/fb/fbf44d15083911a4.jpg",
        "headline":"天然彩棉婴儿棉抱",
        "price":"109",
        "id":"f47",
        "type":"fenlei"
      },
      {
        "imgUrl":"https://img.biyao.com/files/temp/bf/bf114bca60883231.jpg",
        "headline":"彩棉口水兜3条装",
        "price":"59",
        "id":"f48",
        "type":"fenlei"
      },
      {
        "imgUrl":"https://img.biyao.com/files/temp/21/21807a8d1fbd45c0.jpg",
        "headline":"天然彩棉婴儿套装",
        "price":"89",
        "id":"f49",
        "type":"fenlei"
      },
      {
        "imgUrl":"https://img.biyao.com/files/temp/23/23471660ef142993.jpg",
        "headline":"婴儿纯棉针织开衫",
        "price":"129",
        "id":"f50",
        "type":"fenlei"
      },
      {
        "imgUrl":"https://img.biyao.com/files/temp/af/af370848ab9715c1.jpg",
        "headline":"彩棉婴儿包屁衣",
        "price":"69",
        "id":"f51",
        "type":"fenlei"
      },
      {
        "imgUrl":"https://img.biyao.com/files/temp/2e/2e05e2a953c075a8.jpg",
        "headline":"彩棉隔尿垫",
        "price":"89",
        "id":"f52",
        "type":"fenlei"
      },
      {
        "imgUrl":"https://img.biyao.com/files/temp/ff/ffed5450824aaf1b.jpg",
        "headline":"婴儿纯棉提花四季",
        "price":"89",
        "id":"f53",
        "type":"fenlei"
      },
      {
        "imgUrl":"https://img.biyao.com/files/temp/ea/ea47910e9c5d8e2e.jpg",
        "headline":"彩棉口水巾3条装",
        "price":"59",
        "id":"f54",
        "type":"fenlei"
      },
      {
        "imgUrl":"https://img.biyao.com/files/temp/bd/bda317153b32c67e.jpg",
        "headline":"婴儿纯棉多功能毯",
        "price":"129",
        "id":"f55",
        "type":"fenlei"
      },
      {
        "imgUrl":"https://img.biyao.com/files/temp/43/436112b67487ddbf.jpg",
        "headline":"彩棉肚兜2条装",
        "price":"79",
        "id":"f56",
        "type":"fenlei"
      },
      {
        "imgUrl":"https://img.biyao.com/files/temp/dd/ddbc92678b2db104.jpg",
        "headline":"竹棉月子服套装",
        "price":"239",
        "id":"f57",
        "type":"fenlei"
      },
      {
        "imgUrl":"https://img.biyao.com/files/temp/c9/c9d840c6b686811e.jpg",
        "headline":"竹棉月子服",
        "price":"199",
        "id":"f58",
        "type":"fenlei"
      }
    ]
  },
  {
    "title":"皮鞋 · LACOSTE等制造商出品",
    "arry":[
      {
        "caption":"男鞋"
      },
      {
        "caption":"女鞋"
      }
    ],
    "data":[
      {
        "imgUrl":"https://img.biyao.com/files/temp/17/17539caa1d5b5e64.jpg",
        "headline":"男士高帮圆头马丁",
        "price":"399",
        "id":"f59",
        "type":"fenlei"
      },
      {
        "imgUrl":"https://img.biyao.com/files/temp/5f/5fc806558b3cddc2.jpg",
        "headline":"经典传承系列",
        "price":"359",
        "id":"f60",
        "type":"fenlei"
      },
      {
        "imgUrl":"https://img.biyao.com/files/temp/5e/5e5928d9d0ae0c36.jpg",
        "headline":"商务时尚系列",
        "price":"399",
        "id":"f61",
        "type":"fenlei"
      },
      {
        "imgUrl":"https://img.biyao.com/files/temp/69/698e1c3cf0b18188.jpg",
        "headline":"商务休闲系列",
        "price":"399",
        "id":"f62",
        "type":"fenlei"
      },
      {
        "imgUrl":"https://img.biyao.com/files/temp/59/59c375889abc52a2.jpg",
        "headline":"商务休闲系列",
        "price":"399",
        "id":"f63",
        "type":"fenlei"
      },
      {
        "imgUrl":"https://img.biyao.com/files/temp/62/62b45ffe4ed51082.jpg",
        "headline":"商务休闲系列",
        "price":"399",
        "id":"f64",
        "type":"fenlei"
      },
      {
        "imgUrl":"https://img.biyao.com/files/temp/ee/eeea9e2ce80cc9ae.jpg",
        "headline":"商务运动系列",
        "price":"439",
        "id":"f65",
        "type":"fenlei"
      },
      {
        "imgUrl":"https://img.biyao.com/files/temp/a9/a9de49451df40d50.jpg",
        "headline":"男女压纹牛皮板鞋",
        "price":"169",
        "id":"f66",
        "type":"fenlei"
      },
      {
        "imgUrl":"https://img.biyao.com/files/temp/97/97d8f429fa937176.jpg",
        "headline":"男士都市休闲鞋",
        "price":"239",
        "id":"f67",
        "type":"fenlei"
      },
      {
        "imgUrl":"https://img.biyao.com/files/temp/5c/5c974663248c3902.jpg",
        "headline":"潮尚情侣系列 男",
        "price":"379",
        "id":"f68",
        "type":"fenlei"
      },
      {
        "imgUrl":"https://img.biyao.com/files/temp/a9/a9999233a4b129b3.jpg",
        "headline":"男女百搭帆布板鞋",
        "price":"99",
        "id":"f69",
        "type":"fenlei"
      },
      {
        "imgUrl":"https://img.biyao.com/files/temp/ed/ed5e3a95f49cd97b.jpg",
        "headline":"男女冲孔牛皮板鞋",
        "price":"169",
        "id":"f70",
        "type":"fenlei"
      },
      {
        "imgUrl":"https://img.biyao.com/files/temp/1e/1e974b2105ccda2a.jpg",
        "headline":"男士时尚英伦板鞋",
        "price":"399",
        "id":"f71",
        "type":"fenlei"
      },
      {
        "imgUrl":"https://img.biyao.com/files/temp/83/83401e056f05cef2.jpg",
        "headline":"男士低腰雪地靴",
        "price":"359",
        "id":"f72",
        "type":"fenlei"
      },
      {
        "imgUrl":"https://img.biyao.com/files/temp/31/316725a3456484aa.jpg",
        "headline":"男士时尚休闲板鞋",
        "price":"399",
        "id":"f73",
        "type":"fenlei"
      },
      {
        "imgUrl":"https://img.biyao.com/files/temp/23/235a184e533a1cc2.jpg",
        "headline":"三色情侣板鞋 男",
        "price":"339",
        "id":"f74",
        "type":"fenlei"
      }
    ]
  },
  {
    "title":"运动鞋 · Adidas等制造商出品",
    "data":[
      {
        "imgUrl":"https://img.biyao.com/files/temp/6c/6c8d7c6cfb076534.jpg",
        "headline":"RUNPRO专业跑鞋",
        "price":"269",
        "id":"f75",
        "type":"fenlei"
      },
      {
        "imgUrl":"https://img.biyao.com/files/temp/10/101152dc7a04553d.jpg",
        "headline":"Popcorn跑步鞋",
        "price":"239",
        "id":"f76",
        "type":"fenlei"
      },
      {
        "imgUrl":"https://img.biyao.com/files/temp/64/648bf200babd827c.jpg",
        "headline":"男士综合训练鞋",
        "price":"239",
        "id":"f77",
        "type":"fenlei"
      },
      {
        "imgUrl":"https://img.biyao.com/files/temp/51/51f012abc58b742b.jpg",
        "headline":"户外跑鞋（女）",
        "price":"199",
        "id":"f78",
        "type":"fenlei"
      },
      {
        "imgUrl":"https://img.biyao.com/files/temp/cb/cbc7b71140151474.jpg",
        "headline":"女士综合训练鞋",
        "price":"239",
        "id":"f79",
        "type":"fenlei"
      },
      {
        "imgUrl":"https://img.biyao.com/files/temp/d0/d0c4e8555d4522d.jpg",
        "headline":"户外跑鞋（男）",
        "price":"199",
        "id":"f80",
        "type":"fenlei"
      },
      {
        "imgUrl":"https://img.biyao.com/files/temp/71/711be10728ac1d93.jpg",
        "headline":"Superb女款复古跑",
        "price":"229",
        "id":"f81",
        "type":"fenlei"
      },
      {
        "imgUrl":"https://img.biyao.com/files/temp/81/816cab379a99dc60.jpg",
        "headline":"徒步鞋（男）",
        "price":"199",
        "id":"f82",
        "type":"fenlei"
      },
      {
        "imgUrl":"https://img.biyao.com/files/temp/6e/6ef3dc163f9f66f8.jpg",
        "headline":"徒步鞋（女）",
        "price":"199",
        "id":"f83",
        "type":"fenlei"
      },
      {
        "imgUrl":"https://img.biyao.com/files/temp/ee/eeef45796030f2ac.jpg",
        "headline":"男士保暖轻便羽绒",
        "price":"399",
        "id":"f84",
        "type":"fenlei"
      },
      {
        "imgUrl":"https://img.biyao.com/files/temp/f3/f3ec7363570e541.jpg",
        "headline":"RC轻薄抓绒衣",
        "price":"109",
        "id":"f85",
        "type":"fenlei"
      },
      {
        "imgUrl":"https://img.biyao.com/files/temp/45/45b6fdaa9e46981b.jpg",
        "headline":"RC轻薄抓绒衣",
        "price":"99",
        "id":"f86",
        "type":"fenlei"
      },
      {
        "imgUrl":"https://img.biyao.com/files/temp/9b/9bd38a4b013710ba.jpg",
        "headline":"RC男士弹力速干T",
        "price":"139",
        "id":"f87",
        "type":"fenlei"
      },
      {
        "imgUrl":"https://img.biyao.com/files/temp/4b/4baa1e94521dc229.jpg",
        "headline":"RC女士防水冲锋衣",
        "price":"299",
        "id":"f88",
        "type":"fenlei"
      },
      {
        "imgUrl":"https://img.biyao.com/files/temp/5b/5b5fe7e29bc603f5.jpg",
        "headline":"男款防水冲锋衣",
        "price":"499",
        "id":"f89",
        "type":"fenlei"
      },
      {
        "imgUrl":"https://img.biyao.com/files/temp/37/3773b5dd67d2f7a5.jpg",
        "headline":"男士跑步背心",
        "price":"99",
        "id":"f90",
        "type":"fenlei"
      }
    ]
  },
  {
    "title":"公文包 · Samsonite",
    "arry":[
      {
        "caption":"男包"
      },
      {
        "caption":"皮带"
      },
      {
        "caption":"手机壳"
      }
    ],
    "data":[
      {
        "imgUrl":"https://img.biyao.com/files/temp/5d/5d34e102798db6e.jpg",
        "headline":"YNG真皮商务包",
        "price":"479",
        "id":"f91",
        "type":"fenlei"
      },
      {
        "imgUrl":"https://img.biyao.com/files/temp/7a/7a33e317a3346865.jpg",
        "headline":"时尚编织长款钱包",
        "price":"219",
        "id":"f92",
        "type":"fenlei"
      },
      {
        "imgUrl":"https://img.biyao.com/files/temp/6d/6db4c598a2db0fc5.jpg",
        "headline":"头层水滴纹短钱包",
        "price":"159",
        "id":"f93",
        "type":"fenlei"
      },
      {
        "imgUrl":"https://img.biyao.com/files/temp/ff/ff024d9b68e30dae.jpg",
        "headline":"简约头层牛皮手包",
        "price":"299",
        "id":"f94",
        "type":"fenlei"
      },
      {
        "imgUrl":"https://img.biyao.com/files/temp/78/78d6207f4cbd65cb.jpg",
        "headline":"头层十字纹长钱包",
        "price":"299",
        "id":"f95",
        "type":"fenlei"
      },
      {
        "imgUrl":"https://img.biyao.com/files/temp/ea/eab00c37852e65ad.jpg",
        "headline":"简约卡位商务钱包",
        "price":"259",
        "id":"f96",
        "type":"fenlei"
      },
      {
        "imgUrl":"https://img.biyao.com/files/temp/b2/b2f77fb977f1b95e.jpg",
        "headline":"头层荔纹牛皮手包",
        "price":"399",
        "id":"f97",
        "type":"fenlei"
      }
    ]
  },
  {
    "title":"拉杆箱 · 新秀丽等制造商出品",
    "arry":[
      {
        "caption":"拉杆箱"
      },
      {
        "caption":"休闲包"
      },
      {
        "caption":"收纳"
      },
      {
        "caption":"口罩"
      }
    ],
    "data":[
      {
        "imgUrl":"https://img.biyao.com/files/temp/f0/f06b5d2fc24ab5e2.jpg",
        "headline":"铝合金包角铝框箱",
        "price":"359",
        "id":"f98",
        "type":"fenlei"
      },
      {
        "imgUrl":"https://img.biyao.com/files/temp/34/34882e082a64ee46.jpg",
        "headline":"YNG商务拉杆箱",
        "price":"339",
        "id":"f99",
        "type":"fenlei"
      },
      {
        "imgUrl":"https://img.biyao.com/files/temp/45/4562e5b2b78ab5b1.jpg",
        "headline":"全铝镁合金拉杆箱",
        "price":"1299",
        "id":"f100",
        "type":"fenlei"
      },
      {
        "imgUrl":"https://img.biyao.com/files/temp/85/859cf944dbaa5a14.jpg",
        "headline":"铝合金包角拉链箱",
        "price":"259",
        "id":"f101",
        "type":"fenlei"
      },
      {
        "imgUrl":"https://img.biyao.com/files/temp/91/91afc9dd3501d799.jpg",
        "headline":"17寸磨砂雾面旅箱",
        "price":"398",
        "id":"f102",
        "type":"fenlei"
      },
      {
        "imgUrl":"https://img.biyao.com/files/temp/c4/c43828fe36093e40.jpg",
        "headline":"拉杆软箱-L101",
        "price":"299",
        "id":"f103",
        "type":"fenlei"
      },
      {
        "imgUrl":"https://img.biyao.com/files/temp/3d/3dbf91b5859f2b11.jpg",
        "headline":"皮质把手旅行箱",
        "price":"379",
        "id":"f104",
        "type":"fenlei"
      },
      {
        "imgUrl":"https://img.biyao.com/files/temp/4e/4e2881a3de83e83d.jpg",
        "headline":"首款破千元金属箱",
        "price":"999",
        "id":"f105",
        "type":"fenlei"
      },
      {
        "imgUrl":"https://img.biyao.com/files/temp/77/77073a20cc62b82e.jpg",
        "headline":"个性破损箱",
        "price":"199",
        "id":"f106",
        "type":"fenlei"
      },
      {
        "imgUrl":"https://img.biyao.com/files/temp/d9/d99556c8e42ae373.jpg",
        "headline":"航空级炫彩铝镁箱",
        "price":"1380",
        "id":"f107",
        "type":"fenlei"
      },
      {
        "imgUrl":"https://img.biyao.com/files/temp/d4/d4feaef5ab73d3a7.jpg",
        "headline":"超强防刮金属箱",
        "price":"1499",
        "id":"f108",
        "type":"fenlei"
      },
      {
        "imgUrl":"https://img.biyao.com/files/temp/97/97d5168c32f2dd12.jpg",
        "headline":"全铝镁合金拉杆箱",
        "price":"1149",
        "id":"f109",
        "type":"fenlei"
      }
    ]
  },
  {
    "title":"声波振动牙刷 · 德国进口刷丝",
    "data":[
      {
        "imgUrl":"https://img.biyao.com/files/temp/78/782b1a91f5208f60.jpg",
        "headline":"声波牙刷含4刷头",
        "price":"229",
        "id":"f110",
        "type":"fenlei"
      },
      {
        "imgUrl":"https://img.biyao.com/files/temp/b5/b5c7d11cd3f8d37f.jpg",
        "headline":"牙刷头替换装",
        "price":"119",
        "id":"f111",
        "type":"fenlei"
      },
      {
        "imgUrl":"https://img.biyao.com/files/temp/b1/b1a16bc041ee07c.jpg",
        "headline":"6+1层剃须刀",
        "price":"129",
        "id":"f112",
        "type":"fenlei"
      },
      {
        "imgUrl":"https://img.biyao.com/files/temp/b5/b5d8eaef31d31844.jpg",
        "headline":"5层女用刮毛刀",
        "price":"79",
        "id":"f113",
        "type":"fenlei"
      },
      {
        "imgUrl":"https://img.biyao.com/files/temp/66/6661b58ae64a74ad.jpg",
        "headline":"5+1层剃须刀",
        "price":"109",
        "id":"f114",
        "type":"fenlei"
      },
      {
        "imgUrl":"https://img.biyao.com/files/temp/83/83bd9cd16fb1e8cb.jpg",
        "headline":"5+1层刀头替换装",
        "price":"79",
        "id":"f115",
        "type":"fenlei"
      },
      {
        "imgUrl":"https://img.biyao.com/files/temp/88/88ff7748b626e775.jpg",
        "headline":"6+1层刀头替换装",
        "price":"89",
        "id":"f116",
        "type":"fenlei"
      }
    ]
  },
  {
    "title":"美妆 · 瑞士SWISSGETAL实验室出品",
    "data":[
      {
        "imgUrl":"https://img.biyao.com/files/temp/60/60ad81e217aeb73b.jpg",
        "headline":"植萃新颜精华液",
        "price":"118",
        "id":"f117",
        "type":"fenlei"
      },
      {
        "imgUrl":"https://img.biyao.com/files/temp/d5/d5698c2812578e8e.jpg",
        "headline":"植萃保湿柔肤水",
        "price":"128",
        "id":"f118",
        "type":"fenlei"
      },
      {
        "imgUrl":"https://img.biyao.com/files/temp/79/7926f8d08534832d.jpg",
        "headline":"植萃赋活润眼霜",
        "price":"78",
        "id":"f119",
        "type":"fenlei"
      },
      {
        "imgUrl":"https://img.biyao.com/files/temp/41/41867e815e9cfad.jpg",
        "headline":"植萃护肤旅行套装",
        "price":"118",
        "id":"f120",
        "type":"fenlei"
      },
      {
        "imgUrl":"https://img.biyao.com/files/temp/73/73b9dbf3c6ff4eeb.jpg",
        "headline":"植萃保湿精华日霜",
        "price":"119",
        "id":"f121",
        "type":"fenlei"
      },
      {
        "imgUrl":"https://img.biyao.com/files/temp/6b/6b9578adb396107e.jpg",
        "headline":"植萃舒缓保湿乳",
        "price":"128",
        "id":"f122",
        "type":"fenlei"
      },
      {
        "imgUrl":"https://img.biyao.com/files/temp/e8/e861c5680726d1c.jpg",
        "headline":"植萃新活滋养晚霜",
        "price":"129",
        "id":"f123",
        "type":"fenlei"
      }
    ]
  },
  {
    "title":"被芯被褥 · Nitori等制造商出品",
    "arry":[
      {
        "caption":"床品"
      },
      {
        "caption":"洗浴"
      },
      {
        "caption":"日用"
      }
    ],
    "data":[
      {
        "imgUrl":"https://img.biyao.com/files/temp/73/73ca86d009e94252.jpg",
        "headline":"必柔Square保护垫",
        "price":"179",
        "id":"f124",
        "type":"fenlei"
      },
      {
        "imgUrl":"https://img.biyao.com/files/temp/28/28e1f6cd400db095.jpg",
        "headline":"90%充鹅绒被芯",
        "price":"1279",
        "id":"f125",
        "type":"fenlei"
      },
      {
        "imgUrl":"https://img.biyao.com/files/temp/af/af44bb2931b763ae.jpg",
        "headline":"必柔Sleep褥子",
        "price":"159",
        "id":"f126",
        "type":"fenlei"
      },
      {
        "imgUrl":"https://img.biyao.com/files/temp/ad/ad023da5aac483e1.jpg",
        "headline":"冰丝蚕丝被",
        "price":"459",
        "id":"f127",
        "type":"fenlei"
      },
      {
        "imgUrl":"https://img.biyao.com/files/temp/1b/1bc83c92cb287e36.jpg",
        "headline":"花泉鹅绒被",
        "price":"1259",
        "id":"f128",
        "type":"fenlei"
      },
      {
        "imgUrl":"https://img.biyao.com/files/temp/e8/e874137905964a19.jpg",
        "headline":"必柔浅夏鹅绒被",
        "price":"749",
        "id":"f129",
        "type":"fenlei"
      },
      {
        "imgUrl":"https://img.biyao.com/files/temp/a0/a0ebab6c3d3eb1ca.jpg",
        "headline":"天竺棉多功能颈枕",
        "price":"65",
        "id":"f130",
        "type":"fenlei"
      },
      {
        "imgUrl":"https://img.biyao.com/files/temp/25/25d61cd81a328450.jpg",
        "headline":"90%充鹅绒枕芯",
        "price":"319",
        "id":"f131",
        "type":"fenlei"
      },
      {
        "imgUrl":"https://img.biyao.com/files/temp/73/735c12b9f1c9e3ac.jpg",
        "headline":"清丝靠垫 2个起",
        "price":"115",
        "id":"f132",
        "type":"fenlei"
      },
      {
        "imgUrl":"https://img.biyao.com/files/temp/c0/c06f2f79e7efca15.jpg",
        "headline":"藤榭四件套",
        "price":"449",
        "id":"f133",
        "type":"fenlei"
      },
      {
        "imgUrl":"https://img.biyao.com/files/temp/6d/6d05c351d55d6726.jpg",
        "headline":"白芍花四件套",
        "price":"389",
        "id":"f134",
        "type":"fenlei"
      },
      {
        "imgUrl":"https://img.biyao.com/files/temp/e5/e58992f83a0a014c.jpg",
        "headline":"蓝气球四件套",
        "price":"429",
        "id":"f135",
        "type":"fenlei"
      }
    ]
  },
  {
    "title":"水具 · 膳魔师等制造商出品",
    "data":[
      {
        "imgUrl":"https://img.biyao.com/files/temp/7c/7c6fe79dc17d0c75.jpg",
        "headline":"欧式保温壶-2L",
        "price":"109",
        "id":"f136",
        "type":"fenlei"
      },
      {
        "imgUrl":"https://img.biyao.com/files/temp/d1/d109093d9654cf12.jpg",
        "headline":"304不锈钢保温杯",
        "price":"89",
        "id":"f137",
        "type":"fenlei"
      },
      {
        "imgUrl":"https://img.biyao.com/files/temp/34/34e17c57a138d4f9.jpg",
        "headline":"真空保温焖烧罐",
        "price":"75",
        "id":"f138",
        "type":"fenlei"
      },
      {
        "imgUrl":"https://img.biyao.com/files/temp/8b/8bca502b155f1841.jpg",
        "headline":"可乐造型保温杯",
        "price":"89",
        "id":"f139",
        "type":"fenlei"
      },
      {
        "imgUrl":"https://img.biyao.com/files/temp/31/31a2c2d5a2762928.jpg",
        "headline":"儿童保温壶",
        "price":"109",
        "id":"f140",
        "type":"fenlei"
      },
      {
        "imgUrl":"https://img.biyao.com/files/temp/14/14136347f23e43c7.jpg",
        "headline":"套装水杯",
        "price":"89",
        "id":"f141",
        "type":"fenlei"
      },
      {
        "imgUrl":"https://img.biyao.com/files/temp/77/77b4e95723d4e6cd.jpg",
        "headline":"螺纹不锈钢保温壶",
        "price":"109",
        "id":"f142",
        "type":"fenlei"
      },
      {
        "imgUrl":"https://img.biyao.com/files/temp/2c/2cd0f284c06e1081.jpg",
        "headline":"手工制作玻璃水瓶",
        "price":"89",
        "id":"f143",
        "type":"fenlei"
      },
      {
        "imgUrl":"https://img.biyao.com/files/temp/4e/4ebf12373f8b9913.jpg",
        "headline":"英式咖啡茶具套装",
        "price":"799",
        "id":"f144",
        "type":"fenlei"
      }
    ]
  },
  {
    "title":"落地灯 · MUJI制造商出品",
    "arry":[
      {
        "caption":"灯具"
      },
      {
        "caption":"卫浴"
      },
      {
        "caption":"床垫"
      },
      {
        "caption":"卧室"
      },
      {
        "contion":"客厅"
      }
    ],
    "data":[
      {
        "imgUrl":"https://img.biyao.com/files/temp/e0/e0e1db629a1f8455.jpg",
        "headline":"弯头落地灯",
        "price":"399",
        "id":"f145",
        "type":"fenlei"
      },
      {
        "imgUrl":"https://img.biyao.com/files/temp/8f/8fb733df8c7299de.jpg",
        "headline":"单筒落地灯",
        "price":"329",
        "id":"f146",
        "type":"fenlei"
      },
      {
        "imgUrl":"https://img.biyao.com/files/temp/29/2985ef53c9393f92.jpg",
        "headline":"三筒落地灯",
        "price":"639",
        "id":"f147",
        "type":"fenlei"
      },
      {
        "imgUrl":"https://img.biyao.com/files/temp/46/46a3f253c27a6597.jpg",
        "headline":"面光源护眼灯",
        "price":"239",
        "id":"f148",
        "type":"fenlei"
      },
      {
        "imgUrl":"https://img.biyao.com/files/temp/e8/e82a862183191ed8.jpg",
        "headline":"陶瓷贴片台灯",
        "price":"249",
        "id":"f149",
        "type":"fenlei"
      },
      {
        "imgUrl":"https://img.biyao.com/files/temp/41/41de811bcbe7e988.jpg",
        "headline":"弯头写字台灯",
        "price":"149",
        "id":"f150",
        "type":"fenlei"
      },
      {
        "imgUrl":"https://img.biyao.com/files/temp/a4/a4255f0fcf62452d.jpg",
        "headline":"木杆简约台灯",
        "price":"179",
        "id":"f151",
        "type":"fenlei"
      },
      {
        "imgUrl":"https://img.biyao.com/files/temp/ef/efe7b19f891c296d.jpg",
        "headline":"金属简约台灯",
        "price":"199",
        "id":"f152",
        "type":"fenlei"
      },
      {
        "imgUrl":"https://img.biyao.com/files/temp/5d/5d9d66cfc6da6d01.jpg",
        "headline":"几何菱形台灯",
        "price":"199",
        "id":"f153",
        "type":"fenlei"
      },
      {
        "imgUrl":"https://img.biyao.com/files/temp/cc/cc14b7bbc7c8234d.jpg",
        "headline":"镀铜台灯",
        "price":"299",
        "id":"f154",
        "type":"fenlei"
      },
      {
        "imgUrl":"https://img.biyao.com/files/temp/c8/c80071d3b4f0144e.jpg",
        "headline":"金属艺术台灯",
        "price":"429",
        "id":"f155",
        "type":"fenlei"
      }
    ]
  }
]
