{
  "data":[
    {
      "header":"品质男装",
      "img":"https://imgcms.biyao.com/files//web/2926891b060d4f418d66b5df50548339.jpg",
      "heading":"Hugo Boss、PRADA",
      "headline":"制造商出品",
      "list":[
        {
          "imgUrl":"https://img.biyao.com/files/temp/db/dba0709d7c6c694d.jpg",
          "title":"牛津纺长袖衬衫",
          "price":"169",
          "id":"h001",
          "type":"home"
        },
        {
          "imgUrl":"https://img.biyao.com/files/temp/2f/2f9ef847480c08f3.jpg",
          "title":"宝石蓝 羊毛保暖",
          "price":"769",
          "id":"h002",
          "type":"home"
        },
        {
          "imgUrl":"https://img.biyao.com/files/temp/55/55726555d415bff3.jpg",
          "title":"男士轻柔羽绒服",
          "price":"279",
          "id":"h003",
          "type":"home"
        },
        {
          "imgUrl":"https://img.biyao.com/files/temp/44/446db48ca6ef447.jpg",
          "title":"修身羊毛针织大衣",
          "price":"569",
          "id":"h004",
          "type":"home"
        },
        {
          "imgUrl":"https://img.biyao.com/files/temp/67/67ea5a871eaeb4d1.jpg",
          "title":"羊毛休闲男士长裤",
          "price":"289",
          "id":"h005",
          "type":"home"
        },
        {
          "imgUrl":"https://img.biyao.com/files/temp/87/877b1f090a77a556.jpg",
          "title":"男士牛仔经典直筒",
          "price":"229",
          "id":"h006",
          "type":"home"
        }
      ]
    },
    {
      "header":"潮流女装",
      "img":"https://imgcms.biyao.com/files//web/5d334fe911034df88ba360ecd8ae6647.jpg",
      "heading":"MaxMara、Diesel",
      "headline":"制造商出品",
      "list":[
        {
          "imgUrl":"https://img.biyao.com/files/temp/c6/c6f799e2d3349edd.jpg",
          "title":"女马鞍套衫纯羊绒",
          "price":"669",
          "id":"h007",
          "type":"home"
        },
        {
          "imgUrl":"https://img.biyao.com/files/temp/c4/c4be60a646758a88.jpg",
          "title":"九分袖无缝毛衫",
          "price":"369",
          "id":"h008",
          "type":"home"
        },
        {
          "imgUrl":"https://img.biyao.com/files/temp/a0/a0bf4a5d35d9d88a.jpg",
          "title":"大翻领落肩大衣",
          "price":"699",
          "id":"h009",
          "type":"home"
        },
        {
          "imgUrl":"https://img.biyao.com/files/temp/97/974b96435d0e99f3.jpg",
          "title":"女士牛仔男友裤",
          "price":"269",
          "id":"h010",
          "type":"home"
        },
        {
          "imgUrl":"https://img.biyao.com/files/temp/b7/b724f3b3cb7448bb.jpg",
          "title":"女高领套头纯羊绒",
          "price":"749",
          "id":"h011",
          "type":"home"
        },
        {
          "imgUrl":"https://img.biyao.com/files/temp/b0/b081358138f51e2f.jpg",
          "title":"修身拼皮长裤",
          "price":"239",
          "id":"h012",
          "type":"home"
        }
      ]
    },
    {
      "header":"内衣袜子",
      "img":"https://imgcms.biyao.com/files//web/470402d7ee2b42eaacee249691afb351.jpg",
      "heading":"CK、LA PERLA等",
      "headline":"制造商出品",
      "list":[
        {
          "imgUrl":"https://img.biyao.com/files/temp/ec/ecb78a555b19fa32.jpg",
          "title":"精致棉内裤礼盒装",
          "price":"99",
          "id":"h013",
          "type":"home"
        },
        {
          "imgUrl":"https://img.biyao.com/files/temp/dc/dc9ee39812ef2ea8.jpg",
          "title":"无痕长袖秋衣套装",
          "price":"209",
          "id":"h014",
          "type":"home"
        },
        {
          "imgUrl":"https://img.biyao.com/files/temp/14/141582e3a9f91686.jpg",
          "title":"天竺棉家居服长袖",
          "price":"175",
          "id":"h015",
          "type":"home"
        },
        {
          "imgUrl":"https://img.biyao.com/files/temp/3d/3d67891eba80e459.jpg",
          "title":"男士轻奢平底内裤",
          "price":"159",
          "id":"h016",
          "type":"home"
        },
        {
          "imgUrl":"https://img.biyao.com/files/temp/31/31914bf858438b84.jpg",
          "title":"黑色花边打底内衣",
          "price":"179",
          "id":"h017",
          "type":"home"
        },
        {
          "imgUrl":"https://img.biyao.com/files/temp/ad/ad053ab814969c0f.jpg",
          "title":"防臭商务袜5双装",
          "price":"69",
          "id":"h018",
          "type":"home"
        }
      ]
    },
    {
      "header":"母婴儿童",
      "img":"https://imgcms.biyao.com/files//web/f3407fe2731f4b3582f566ec5765be28.jpg",
      "heading":"英国皇室御用服装",
      "headline":"制造商出品",
      "list":[
        {
          "imgUrl":"https://img.biyao.com/files/temp/90/9043b4c31fdf9bdd.jpg",
          "title":"男女童轻薄羽绒服",
          "price":"249",
          "id":"h019",
          "type":"home"
        },
        {
          "imgUrl":"https://img.biyao.com/files/temp/eb/ebfaf55efa17cbec.jpg",
          "title":"彩棉棉毛套",
          "price":"89",
          "id":"h20",
          "type":"home"
        },
        {
          "imgUrl":"https://img.biyao.com/files/temp/82/82d89f3b96e050a.jpg",
          "title":"美丽诺羊毛帽衫",
          "price":"229",
          "id":"h21",
          "type":"home"
        },
        {
          "imgUrl":"https://img.biyao.com/files/temp/78/787f78010428627c.jpg",
          "title":"安全减负儿童书包",
          "price":"249",
          "id":"h22",
          "type":"home"
        },
        {
          "imgUrl":"https://img.biyao.com/files/temp/29/298527ac338ea8fc.jpg",
          "title":"纯棉护肚针织裤",
          "price":"129",
          "id":"h23",
          "type":"home"
        },
        {
          "imgUrl":"https://img.biyao.com/files/temp/a0/a00d32e78d8ee14d.jpg",
          "title":"多穿法童袜6双装",
          "price":"59",
          "id":"h24",
          "type":"home"
        }
      ]
    },
    {
      "header":"男女鞋靴",
      "img":"https://imgcms.biyao.com/files//web/24ad92783f504e20a1a4d802ac2d1858.jpg",
      "heading":"Armani、LACOSTE",
      "headline":"制造商出品",
      "list":[
        {
          "imgUrl":"https://img.biyao.com/files/temp/a9/a9de49451df40d50.jpg",
          "title":"男女压纹牛皮板鞋",
          "price":"169",
          "id":"h25",
          "type":"home"
        },
        {
          "imgUrl":"https://img.biyao.com/files/temp/17/17539caa1d5b5e64.jpg",
          "title":"男士高帮圆头马丁",
          "price":"399",
          "id":"h26",
          "type":"home"
        },
        {
          "imgUrl":"https://img.biyao.com/files/temp/97/97d8f429fa937176.jpg",
          "title":"男士都市休闲鞋",
          "price":"239",
          "id":"h27",
          "type":"home"
        },
        {
          "imgUrl":"https://img.biyao.com/files/temp/a1/a1f0aa96d15e6f76.jpg",
          "title":"女士低腰雪地靴",
          "price":"359",
          "id":"h28",
          "type":"home"
        },
        {
          "imgUrl":"https://img.biyao.com/files/temp/48/4833d0a4f4226d9.jpg",
          "title":"侧拉链粗跟短靴",
          "price":"499",
          "id":"h29",
          "type":"home"
        },
        {
          "imgUrl":"https://img.biyao.com/files/temp/98/98023d25b60ab0d4.jpg",
          "title":"时尚尖头小皮靴",
          "price":"399",
          "id":"h30",
          "type":"home"
        }
      ]
    },
    {
      "header":"户外运动",
      "img":"https://imgcms.biyao.com/files//web/8a1fbe9290a64aa18b69f71486dd56d0.jpg",
      "heading":"斯凯奇、Saucony等",
      "headline":"制造商出品",
      "list":[
        {
          "imgUrl":"https://img.biyao.com/files/temp/6c/6c8d7c6cfb076534.jpg",
          "title":"RUNPRO专业跑鞋",
          "price":"269",
          "id":"h31",
          "type":"home"
        },
        {
          "imgUrl":"https://img.biyao.com/files/temp/10/101152dc7a04553d.jpg",
          "title":"Popcorn跑步鞋",
          "price":"239",
          "id":"h32",
          "type":"home"
        },
        {
          "imgUrl":"https://img.biyao.com/files/temp/64/648bf200babd827c.jpg",
          "title":"男士综合训练鞋",
          "price":"239",
          "id":"h33",
          "type":"home"
        },
        {
          "imgUrl":"https://img.biyao.com/files/temp/ee/eeef45796030f2ac.jpg",
          "title":"男士保暖轻便羽绒",
          "price":"399",
          "id":"h34",
          "type":"home"
        },
        {
          "imgUrl":"https://img.biyao.com/files/temp/f3/f3ec7363570e541.jpg",
          "title":"RC轻薄抓绒衣",
          "price":"109",
          "id":"h35",
          "type":"home"
        },
        {
          "imgUrl":"https://img.biyao.com/files/temp/dc/dc707cf5f56c0c66.jpg",
          "title":"男士防风软壳夹克",
          "price":"359",
          "id":"h36",
          "type":"home"
        }
      ]
    }

  ]
}
