{
  "data":[
    {
      "imgUrl":"https://img.biyao.com/files/temp/d5/d55aefd91f4ee330.jpg",
      "headline":"“钛”空钻星G",
      "price":"429",
      "id":"y01",
      "type":"yanjing"
    },
    {
      "imgUrl":"https://img.biyao.com/files/temp/b1/b1e9589407c079bb.jpg",
      "headline":"旅行者",
      "price":"229",
      "id":"y02",
      "type":"yanjing"
    },
    {
      "imgUrl":"https://img.biyao.com/files/temp/4b/4bd3a7340a41e14d.jpg",
      "headline":"TR休闲系列-逸",
      "price":"169",
      "id":"y03",
      "type":"yanjing"
    },
    {
      "imgUrl":"https://img.biyao.com/files/temp/fd/fd942f5a8b10f9b2.jpg",
      "headline":"钛架半框-开",
      "price":"279",
      "id":"y04",
      "type":"yanjing"
    },
    {
      "imgUrl":"https://img.biyao.com/files/temp/ea/ea0317de076792ed.jpg",
      "headline":"飞行员太阳镜",
      "price":"249",
      "id":"y05",
      "type":"yanjing"
    },
    {
      "imgUrl":"https://img.biyao.com/files/temp/27/27cce30fef7d1c81.jpg",
      "headline":"钛架全框-勒",
      "price":"279",
      "id":"y06",
      "type":"yanjing"
    },
    {
      "imgUrl":"https://img.biyao.com/files/temp/37/37c53b56b6c75c60.jpg",
      "headline":"匠人板材-搏",
      "price":"239",
      "id":"y07",
      "type":"yanjing"
    },
    {
      "imgUrl":"https://img.biyao.com/files/temp/95/957d8f663eee052b.jpg",
      "headline":"钛架无框-普",
      "price":"279",
      "id":"y08",
      "type":"yanjing"
    },
    {
      "imgUrl":"https://img.biyao.com/files/temp/9a/9a0361fdf6458172.jpg",
      "headline":"匠人板材-复古",
      "price":"229",
      "id":"y09",
      "type":"yanjing"
    },
    {
      "imgUrl":"https://img.biyao.com/files/temp/df/df34864aabd54131.jpg",
      "headline":"英伦复古-B",
      "price":"239",
      "id":"y10",
      "type":"yanjing"
    },
    {
      "imgUrl":"https://img.biyao.com/files/temp/eb/eb32bc4f8f461ef3.jpg",
      "headline":"匠人板材-奇",
      "price":"229",
      "id":"y11",
      "type":"yanjing"
    },
    {
      "imgUrl":"https://img.biyao.com/files/temp/f2/f24d895079bc09d4.jpg",
      "headline":"思互系列-D",
      "price":"199",
      "id":"y12",
      "type":"yanjing"
    },
    {
      "imgUrl":"https://img.biyao.com/files/temp/a6/a64f44ae04750e5c.jpg",
      "headline":"思互系列-A",
      "price":"199",
      "id":"y13",
      "type":"yanjing"
    },
    {
      "imgUrl":"https://img.biyao.com/files/temp/e0/e0c2b61fecdb144a.jpg",
      "headline":"匠人板材-探",
      "price":"229",
      "id":"y14",
      "type":"yanjing"
    },
    {
      "imgUrl":"https://img.biyao.com/files/temp/27/27c7163986347c53.jpg",
      "headline":"Rider 骑行眼镜",
      "price":"179",
      "id":"y15",
      "type":"yanjing"
    },
    {
      "imgUrl":"https://img.biyao.com/files/temp/ea/eaebf80bb1c7a2d9.jpg",
      "headline":"经典款太阳镜",
      "price":"249",
      "id":"y16",
      "type":"yanjing"
    },
    {
      "imgUrl":"https://img.biyao.com/files/temp/3d/3d32f90b02d2eb25.jpg",
      "headline":"“钛”空钻星 B",
      "price":"¥124",
      "id":"y17",
      "type":"yanjing"
    },
    {
      "imgUrl":"https://img.biyao.com/files/temp/7a/7ab4498ab0151e5c.jpg",
      "headline":"儿童太阳镜",
      "price":"189",
      "id":"y18",
      "type":"yanjing"
    },
    {
      "imgUrl":"https://img.biyao.com/files/temp/2c/2c24d2cb2c09758.jpg",
      "headline":"“钛”空钻星 B",
      "price":"429",
      "id":"y19",
      "type":"yanjing"
    },
    {
      "imgUrl":"https://img.biyao.com/files/temp/3e/3e50c5e15cc804df.jpg",
      "headline":"Horizon六边形",
      "price":"259",
      "id":"y20",
      "type":"yanjing"
    },
    {
      "imgUrl":"https://img.biyao.com/files/temp/18/1856142883eb6884.jpg",
      "headline":"Horizon圆角方",
      "price":"259",
      "id":"y21",
      "type":"yanjing"
    }
  ]
}
